{"offline_id": "a7e97852e0cb47139b5a4b7d8724cdfe", "project_name": "yolov5", "start_time": 1711957359573, "stop_time": 1711957360896, "tags": [], "workspace": null, "resume_strategy": "create", "customer_error_reported": true, "customer_error_message": "Unexpected error detected in the user script: AssertionError('\\x1b[34m\\x1b[1mtrain: \\x1b[0mNo labels found in /Users/john/Desktop/\u6bd5\u4e1a\u8bba\u6587/object/datasets/INRIAPerson/Train/pos.cache, can not start training. See https://docs.ultralytics.com/yolov5/tutorials/train_custom_data')", "user_provided_experiment_key": false, "comet_start_sourced": false}